{
  "bias_metrics": [
    0.0,
    0.0,
    0.0,
    0.0,
    0.0
  ],
  "diversity_metrics": [
    1.0017528540391663,
    1.0019189567999833,
    0.9984047527684015,
    0.9990804544811048,
    1.000967382757641
  ],
  "entropy_metrics": [
    0.9998244457465396,
    0.931997169984286,
    0.7970301490265211,
    0.6551822479493589,
    0.5264795487695574
  ],
  "fairness_metrics": [
    0.17586862232249778,
    0.1266771375508403,
    0.10361459036475906,
    0.07349718523180038,
    0.04729111457153412
  ],
  "config": {
    "initial_bias": 0.1,
    "contamination_rate": 0.3,
    "num_generations": 5,
    "sample_size": 10000,
    "feature_dim": 10
  },
  "timestamp": "2025-10-21T15:26:15.120502"
}